{"theme_logo":{"url":"https:\/\/themexriver.com\/wp\/hostix\/wp-content\/uploads\/2022\/11\/logo3.svg","id":"716","width":"134","height":"42","thumbnail":"https:\/\/themexriver.com\/wp\/hostix\/wp-content\/uploads\/2022\/11\/logo3.svg","alt":"","title":"logo3","description":""},"theme_v2_logo":{"url":"https:\/\/themexriver.com\/wp\/hostix\/wp-content\/uploads\/2022\/11\/logo3.svg","id":"716","width":"134","height":"42","thumbnail":"https:\/\/themexriver.com\/wp\/hostix\/wp-content\/uploads\/2022\/11\/logo3.svg","alt":"","title":"logo3","description":""},"theme_v3_logo":{"url":"https:\/\/themexriver.com\/wp\/hostix\/wp-content\/uploads\/2022\/12\/logo-4.svg","id":"1877","width":"134","height":"42","thumbnail":"https:\/\/themexriver.com\/wp\/hostix\/wp-content\/uploads\/2022\/12\/logo-4.svg","alt":"","title":"logo-4","description":""},"theme_v4_logo":{"url":"https:\/\/themexriver.com\/wp\/hostix\/wp-content\/uploads\/2022\/12\/logo-dark.svg","id":"1878","width":"134","height":"42","thumbnail":"https:\/\/themexriver.com\/wp\/hostix\/wp-content\/uploads\/2022\/12\/logo-dark.svg","alt":"","title":"logo-dark","description":""},"logo-1-width":"","header_glob_style":"header-style-three","top-bar-enable":"1","top_bar_text":"<p>Up to 65% off Shared Hosting + FREE domain.<\/p>","phone_number":{"url":"tel:+88 08310-069824","text":"+88 08310-069824","target":""},"contact_btn":"Contact","info_title":"Call us","contact_info":"We are available 24\/7 to help answer questions and solve your problems.","head1_contact_info_items":[{"contact_info_img":{"url":"https:\/\/themexriver.com\/wp\/hostix\/wp-content\/uploads\/2022\/11\/contact-1.svg","id":"710","width":"54","height":"54","thumbnail":"https:\/\/themexriver.com\/wp\/hostix\/wp-content\/uploads\/2022\/11\/contact-1.svg","alt":"","title":"contact-1","description":""},"call_title":"Sales","call_no":"(000) 999-0000"},{"contact_info_img":{"url":"https:\/\/themexriver.com\/wp\/hostix\/wp-content\/uploads\/2022\/11\/contact-2.svg","id":"711","width":"56","height":"54","thumbnail":"https:\/\/themexriver.com\/wp\/hostix\/wp-content\/uploads\/2022\/11\/contact-2.svg","alt":"","title":"contact-2","description":""},"call_title":"Support","call_no":"(000) 999-0000"},{"contact_info_img":{"url":"https:\/\/themexriver.com\/wp\/hostix\/wp-content\/uploads\/2022\/11\/contact-3.svg","id":"712","width":"54","height":"54","thumbnail":"https:\/\/themexriver.com\/wp\/hostix\/wp-content\/uploads\/2022\/11\/contact-3.svg","alt":"","title":"contact-3","description":""},"call_title":"International","call_no":"(000) 999-0000"}],"chat_title":"Chat Now","chat_icon":{"url":"https:\/\/themexriver.com\/wp\/hostix\/wp-content\/uploads\/2022\/11\/contact-1.svg","id":"710","width":"54","height":"54","thumbnail":"https:\/\/themexriver.com\/wp\/hostix\/wp-content\/uploads\/2022\/11\/contact-1.svg","alt":"","title":"contact-1","description":""},"chat_name":{"url":"mailto:support@hostix.com","text":"Live Chat","target":""},"header_three_top_bg":{"url":"https:\/\/themexriver.com\/wp\/hostix\/wp-content\/uploads\/2022\/11\/pattern-6.png","id":"717","width":"1920","height":"38","thumbnail":"https:\/\/themexriver.com\/wp\/hostix\/wp-content\/uploads\/2022\/11\/pattern-6-150x38.png","alt":"","title":"pattern-6","description":""},"top_bar_tag3":"BDIX","top_bar_text3":"<img class=\"alignnone size-full wp-image-1568\" src=\"https:\/\/themexriver.com\/wp\/hostix\/wp-content\/uploads\/2022\/12\/hand-1.png\" alt=\"\" width=\"20\" height=\"13\" \/>offering the top-tier BDIX server series for local visitors. <a href=\"#\">Details<\/a>","top_bar_phone3":{"url":"#","text":"Click For Support","target":""},"top_bar_btn3":{"url":"tel:+088) 589-8745","text":"+088) 589-8745","target":""},"top_bar_social":[{"icon":"fab fa-facebook-f","social_link":"#"},{"icon":"fab fa-twitter","social_link":"#"},{"icon":"fab fa-linkedin-in","social_link":"#"},{"icon":"fab fa-instagram","social_link":"#"}],"header_3_login":{"url":"https:\/\/themexriver.com\/whmcs\/index.php?rp=\/login","text":"Login\/Sign up","target":""},"langs_enable":"1","active_lang_name":"English","active_lang_flag":{"url":"https:\/\/themexriver.com\/wp\/hostix\/wp-content\/uploads\/2022\/12\/usa-flag.png","id":"1533","width":"17","height":"12","thumbnail":"https:\/\/themexriver.com\/wp\/hostix\/wp-content\/uploads\/2022\/12\/usa-flag.png","alt":"","title":"usa-flag","description":""},"add_languafes_options":[{"lang_name":"English","lang_link":"#"},{"lang_name":"German","lang_link":"#"},{"lang_name":"Arabic","lang_link":"#"},{"lang_name":"Bangla","lang_link":"#"}],"enable_login_info":"1","signin_text":"Sign In","login_info":{"url":"https:\/\/themexriver.com\/whmcs\/index.php?rp=\/login","text":"Login","target":""},"registration_info":{"url":"https:\/\/themexriver.com\/whmcs\/register.php","text":"Register","target":""},"contact_infos_hd":[{"info_text":"support@envato.com","ct_icon":"fas fa-envelope","info_link":"mailto:support@envato.com"},{"info_text":"+088) 589-8745","ct_icon":"fas fa-phone-volume","info_link":"tel:+088) 589-8745"}],"hm__login":{"url":"https:\/\/themexriver.com\/whmcs\/index.php?rp=\/login","text":"Login","target":""},"hm__registration":{"url":"https:\/\/themexriver.com\/whmcs\/register.php","text":"Register","target":""},"hm__support":{"url":"https:\/\/themexriver.com\/whmcs\/contact.php","text":"Support","target":""},"preloader_enable":"1","preloader-background":"","is_enable_offcanvas_nav":"1","contact_info_items":[{"title":"Locations","icons":"fas fa-location-arrow","infos":"999999 Bosan Road,<br>\r\nNew York, USA"},{"title":"Call Us","icons":"fas fa-location-arrow","infos":"<a href=\"tel:+(00) 999 - 000 - 999\">+(00) 999 - 000 - 999<\/a>"},{"title":"Email Us","icons":"fas fa-location-arrow","infos":"<a href=\"mailto:help@example.com\">help@example.com<\/a>"}],"offc_social_icons":[{"icon":"fab fa-facebook-f","link":"#"},{"icon":"fab fa-twitter","link":"#"},{"icon":"fab fa-instagram","link":"#"},{"icon":"fab fa-youtube","link":"#"}],"body-typography":{"font-family":"","font-weight":"","font-style":"","subset":"","text-align":"","text-transform":"","font-size":"","line-height":"","letter-spacing":"","color":"","type":"","unit":"px"},"heading-gl-typo":{"font-family":"","font-weight":"","font-style":"","subset":"","text-align":"","text-transform":"","font-size":"","line-height":"","letter-spacing":"","color":"","type":"","unit":"px"},"hostix_blog_layout":"3","page-spacing-blog":{"top":"","right":"","bottom":"","left":"","unit":"px"},"br_custom_title":"","br_sub_custom_title":"Hosting Website Manage","br_single_sub_custom_title":"SHARED HOSTING SERVICE","blog_btn_text":"Explore More","is_active_cta":"","cta_sub_title":"","cta_title":"","cta_description":"","cta_btn":{"url":"","text":"","target":""},"cta_shape1":{"url":"","id":"","width":"","height":"","thumbnail":"","alt":"","title":"","description":""},"cta_shape2":{"url":"","id":"","width":"","height":"","thumbnail":"","alt":"","title":"","description":""},"cta_join_title":"","hostix_primery_color":"","hostix_gradient_color":["","#FF0F3A","#FF1376"],"hostix_gradient_two_color":["","#fd654e","#f28b28"],"hostix_gradient_three_color":["","#1434a8","#2a58fe"],"hostix-social-global":[{"social_icon":"fab fa-facebook-f","social_title":"","social_follow_title":"","social_link":"#"},{"social_icon":"fab fa-twitter","social_title":"","social_follow_title":"","social_link":"#"},{"social_icon":"fab fa-instagram","social_title":"","social_follow_title":"","social_link":"#"},{"social_icon":"fab fa-youtube","social_title":"","social_follow_title":"","social_link":"#"},{"social_icon":"fab fa-pinterest","social_title":"","social_follow_title":"","social_link":"#"}],"error_code":"404","error_title":"Oops... It looks like you \u2018re lost !","error_info_title":"Oops! The page you are looking for does not exist. It might have been moved or deleted.","error_button":"Go Back Home","er_sub_custom_title":"Sorry This Page is not Found","er_custom_title":"Not Found","footer_glob_style":"footer-style-one","footer_social_connect":[{"icon_img":{"url":"https:\/\/themexriver.com\/wp\/hostix\/wp-content\/uploads\/2022\/11\/messenger.png","id":"414","width":"45","height":"45","thumbnail":"https:\/\/themexriver.com\/wp\/hostix\/wp-content\/uploads\/2022\/11\/messenger.png","alt":"","title":"messenger","description":""},"title":"Connect With Us","text":"The other hand we denoue","link":"#"},{"icon_img":{"url":"https:\/\/themexriver.com\/wp\/hostix\/wp-content\/uploads\/2022\/11\/twitter.png","id":"418","width":"45","height":"37","thumbnail":"https:\/\/themexriver.com\/wp\/hostix\/wp-content\/uploads\/2022\/11\/twitter.png","alt":"","title":"twitter","description":""},"title":"Connect With Us","text":"The other hand we denoue","link":"#"},{"icon_img":{"url":"https:\/\/themexriver.com\/wp\/hostix\/wp-content\/uploads\/2022\/11\/instagram.png","id":"419","width":"41","height":"41","thumbnail":"https:\/\/themexriver.com\/wp\/hostix\/wp-content\/uploads\/2022\/11\/instagram.png","alt":"","title":"instagram","description":""},"title":"Connect With Us","text":"The other hand we denoue","link":"#"},{"icon_img":{"url":"https:\/\/themexriver.com\/wp\/hostix\/wp-content\/uploads\/2022\/11\/whatsapp.png","id":"420","width":"46","height":"46","thumbnail":"https:\/\/themexriver.com\/wp\/hostix\/wp-content\/uploads\/2022\/11\/whatsapp.png","alt":"","title":"whatsapp","description":""},"title":"Connect With Us","text":"The other hand we denoue","link":"#"}],"contact_title":"Our Address:","contact_text":"House : 3\/A (2nd Floor), new york, <br> 13\/17, Washington (City Road), <br> United-1217.","social_icon_fo":[{"icon":"fab fa-facebook-f","link":"#"},{"icon":"fab fa-twitter","link":"#"},{"icon":"fab fa-linkedin-in","link":"#"},{"icon":"fab fa-instagram","link":"#"}],"footer_chat_icon":{"url":"https:\/\/themexriver.com\/wp\/hostix\/wp-content\/uploads\/2022\/11\/chat.png","id":"719","width":"30","height":"30","thumbnail":"https:\/\/themexriver.com\/wp\/hostix\/wp-content\/uploads\/2022\/11\/chat.png","alt":"","title":"chat","description":""},"footer_chat":{"url":"mailto:support@hostix.com","text":"Start Chat!","target":""},"hostix_copywrite_text":"","payment_card":{"url":"https:\/\/themexriver.com\/wp\/hostix\/wp-content\/uploads\/2022\/12\/payment.svg","id":"1956","width":"388","height":"37","thumbnail":"https:\/\/themexriver.com\/wp\/hostix\/wp-content\/uploads\/2022\/12\/payment.svg","alt":"","title":"payment","description":""},"footer_3_shape":{"url":"https:\/\/themexriver.com\/wp\/hostix\/wp-content\/uploads\/2022\/11\/vector-8.png","id":"737","width":"91","height":"182","thumbnail":"https:\/\/themexriver.com\/wp\/hostix\/wp-content\/uploads\/2022\/11\/vector-8-91x150.png","alt":"","title":"vector-8","description":""},"f_newsletter_title":"SUBSCRIBE NEWSLETTER","f_newsletter_shortcode":"[mc4wp_form id=\"1854\"]","f_ct_title":"CONTACT INFO","cont_f_icon_fo":[{"info_text":"30 Commercial Road Fratton, Australia","icon":"flaticon-073-location-1"},{"info_text":"g.xber@company.com","icon":"flaticon-078-server-1"},{"info_text":"Whatsapp 1-888-452-1505","icon":"flaticon-075-phone-call"}],"project_rewrite_permalink":"","service_rewrite_permalink":""}